DECAY_DATE,INCLINATION,LAUNCH_DATE,LAUNCH_SITE,NORAD_CAT_ID,OBJECT_ID,OBJECT_NAME,OBJECT_TYPE,OPS_STATUS_CODE,ORBIT_CENTER,ORBIT_CLASS_EST,ORBIT_TYPE,OWNER,PERIOD,OPS_STATUS,OWNER_DESC,LAUNCH_SITE_DESC,LAUNCH_SITE_COUNTRY
,34.26,1958-03-17,AFETR,5,1958-002B,VANGUARD 1,PAY,UNK,EA,MEO,ORB,US,132.62,Inactive,USA,"Air Force Eastern Test Range, Florida, USA",USA
,32.88,1959-02-17,AFETR,11,1959-001A,VANGUARD 2,PAY,UNK,EA,LEO,ORB,US,121.11,Inactive,USA,"Air Force Eastern Test Range, Florida, USA",USA
,33.34,1959-09-18,AFETR,20,1959-007A,VANGUARD 3,PAY,UNK,EA,LEO,ORB,US,124.11,Inactive,USA,"Air Force Eastern Test Range, Florida, USA",USA
,50.27,1959-10-13,AFETR,22,1959-009A,EXPLORER 7,PAY,UNK,EA,LEO,ORB,US,95.11,Inactive,USA,"Air Force Eastern Test Range, Florida, USA",USA
,48.38,1960-04-01,AFETR,29,1960-002B,TIROS 1,PAY,-,EA,LEO,ORB,US,97.47,Inactive,USA,"Air Force Eastern Test Range, Florida, USA",USA
,66.69,1960-06-22,AFETR,45,1960-007A,TRANSIT 2A,PAY,UNK,EA,LEO,ORB,US,100.33,Inactive,USA,"Air Force Eastern Test Range, Florida, USA",USA
,66.69,1960-06-22,AFETR,46,1960-007B,SOLRAD 1 (GREB),PAY,UNK,EA,LEO,ORB,US,99.08,Inactive,USA,"Air Force Eastern Test Range, Florida, USA",USA
,28.33,1960-10-04,AFETR,58,1960-013A,COURIER 1B,PAY,UNK,EA,LEO,ORB,US,106.95,Inactive,USA,"Air Force Eastern Test Range, Florida, USA",USA
,28.79,1961-04-27,AFETR,107,1961-013A,EXPLORER 11,PAY,UNK,EA,LEO,ORB,US,101.54,Inactive,USA,"Air Force Eastern Test Range, Florida, USA",USA
,66.81,1961-06-29,AFETR,116,1961-015A,TRANSIT 4A,PAY,UNK,EA,LEO,ORB,US,103.44,Inactive,USA,"Air Force Eastern Test Range, Florida, USA",USA
,66.81,1961-06-29,AFETR,117,1961-015B,SOLRAD 3 & INJUN 1,PAY,UNK,EA,LEO,ORB,US,103.59,Inactive,USA,"Air Force Eastern Test Range, Florida, USA",USA
,47.9,1961-07-12,AFETR,162,1961-017A,TIROS 3,PAY,-,EA,LEO,ORB,US,99.65,Inactive,USA,"Air Force Eastern Test Range, Florida, USA",USA
,91.09,1961-07-12,AFWTR,163,1961-018A,MIDAS 3,PAY,UNK,EA,MEO,ORB,US,161.46,Inactive,USA,"Air Force Western Test Range, California, USA",USA
,95.86,1961-10-21,AFWTR,192,1961-028A,MIDAS 4,PAY,UNK,EA,MEO,ORB,US,165.94,Inactive,USA,"Air Force Western Test Range, California, USA",USA
,32.44,1961-11-15,AFETR,202,1961-031A,TRANSIT 4B,PAY,UNK,EA,LEO,ORB,US,105.59,Inactive,USA,"Air Force Eastern Test Range, Florida, USA",USA
,32.44,1961-11-15,AFETR,205,1961-031B,TRAAC,PAY,UNK,EA,LEO,ORB,US,105.69,Inactive,USA,"Air Force Eastern Test Range, Florida, USA",USA
,48.3,1962-02-08,AFETR,226,1962-002A,TIROS 4,PAY,-,EA,LEO,ORB,US,99.53,Inactive,USA,"Air Force Eastern Test Range, Florida, USA",USA
,86.66,1962-04-09,AFWTR,271,1962-010A,MIDAS 5 (STRONGBACK),PAY,UNK,EA,MEO,ORB,US,152.98,Inactive,USA,"Air Force Western Test Range, California, USA",USA
,58.09,1962-06-19,AFETR,309,1962-025A,TIROS 5,PAY,-,EA,LEO,ORB,US,98.66,Inactive,USA,"Air Force Eastern Test Range, Florida, USA",USA
,44.79,1962-07-10,AFETR,340,1962-029A,TELSTAR 1,PAY,UNK,EA,MEO,ORB,US,157.74,Inactive,USA,"Air Force Eastern Test Range, Florida, USA",USA
,98.52,1962-08-23,AFWTR,369,1962-039A,FTV 3502,PAY,UNK,EA,LEO,ORB,US,96.67,Inactive,USA,"Air Force Western Test Range, California, USA",USA
,58.3,1962-09-18,AFETR,397,1962-047A,TIROS 6,PAY,-,EA,LEO,ORB,US,96.41,Inactive,USA,"Air Force Eastern Test Range, Florida, USA",USA
,80.47,1962-09-29,AFWTR,424,1962-049A,ALOUETTE 1 (S-27),PAY,UNK,EA,LEO,ORB,CA,105.15,Inactive,Canada,"Air Force Western Test Range, California, USA",USA
,50.14,1962-10-31,AFETR,446,1962-060A,ANNA 1B,PAY,UNK,EA,LEO,ORB,US,107.84,Inactive,USA,"Air Force Eastern Test Range, Florida, USA",USA
,47.53,1962-12-13,AFETR,503,1962-068A,RELAY 1 (A-15),PAY,UNK,EA,MEO,ORB,US,185.05,Inactive,USA,"Air Force Eastern Test Range, Florida, USA",USA
,52.0,1962-12-16,WLPIS,506,1962-070A,EXPLORER 16,PAY,UNK,EA,LEO,ORB,US,103.92,Inactive,USA,"Wallops Island, Virginia, USA",USA
,27.83,1963-02-14,AFETR,553,1963-004A,SYNCOM 1,PAY,-,EA,MEO,ORB,US,1236.22,Inactive,USA,"Air Force Eastern Test Range, Florida, USA",USA
,42.75,1963-05-07,AFETR,573,1963-013A,TELSTAR 2 (A-41),PAY,UNK,EA,MEO,ORB,US,225.26,Inactive,USA,"Air Force Eastern Test Range, Florida, USA",USA
,87.32,1963-05-09,AFWTR,574,1963-014A,MIDAS 6 (FTV 1169),PAY,UNK,EA,MEO,ORB,US,166.42,Inactive,USA,"Air Force Western Test Range, California, USA",USA
,87.32,1963-05-09,AFWTR,589,1963-014D,DASH 1,PAY,UNK,EA,MEO,ORB,US,166.35,Inactive,USA,"Air Force Western Test Range, California, USA",USA
,87.32,1963-05-09,AFWTR,608,1963-014C,ERS 6,PAY,UNK,EA,MEO,ORB,US,166.42,Inactive,USA,"Air Force Western Test Range, California, USA",USA
,88.4,1963-07-19,AFWTR,622,1963-030A,MIDAS 7/ERS 10,PAY,UNK,EA,MEO,ORB,US,167.85,Inactive,USA,"Air Force Western Test Range, California, USA",USA
,31.12,1963-07-26,AFETR,634,1963-031A,SYNCOM 2 (A 26),PAY,-,EA,GSO,ORB,US,1435.75,Inactive,USA,"Air Force Eastern Test Range, Florida, USA",USA
,88.4,1963-07-19,AFWTR,635,1963-030B,ERS 9,PAY,UNK,EA,MEO,ORB,US,167.84,Inactive,USA,"Air Force Western Test Range, California, USA",USA
,89.98,1963-09-28,AFWTR,670,1963-038B,TRANSIT 5B-1,PAY,UNK,EA,LEO,ORB,US,107.1,Inactive,USA,"Air Force Western Test Range, California, USA",USA
,89.98,1963-09-28,AFWTR,671,1963-038C,RADIATION SAT (5E-1),PAY,UNK,EA,LEO,ORB,US,107.05,Inactive,USA,"Air Force Western Test Range, California, USA",USA
,46.27,1963-10-17,AFETR,674,1963-039A,VELA 2,PAY,UNK,EA,HEO,ORB,US,6481.88,Inactive,USA,"Air Force Eastern Test Range, Florida, USA",USA
,21.09,1963-10-17,AFETR,692,1963-039C,VELA 1,PAY,UNK,EA,HEO,ORB,US,6504.15,Inactive,USA,"Air Force Eastern Test Range, Florida, USA",USA
,30.36,1963-11-27,AFETR,694,1963-047A,ATLAS CENTAUR 2,PAY,UNK,EA,LEO,ORB,US,102.16,Inactive,USA,"Air Force Eastern Test Range, Florida, USA",USA
,89.92,1963-12-05,AFWTR,704,1963-049B,TRANSIT 5B-2,PAY,UNK,EA,LEO,ORB,US,106.9,Inactive,USA,"Air Force Western Test Range, California, USA",USA
,89.92,1963-12-05,AFWTR,705,1963-049C,TRANSIT 5E-3,PAY,UNK,EA,LEO,ORB,US,106.86,Inactive,USA,"Air Force Western Test Range, California, USA",USA
,58.49,1963-12-21,AFETR,716,1963-054A,TIROS 8,PAY,-,EA,LEO,ORB,US,97.82,Inactive,USA,"Air Force Eastern Test Range, Florida, USA",USA
,69.91,1964-01-11,AFWTR,728,1964-001B,GGSE 1 (GGRS),PAY,UNK,EA,LEO,ORB,US,103.03,Inactive,USA,"Air Force Western Test Range, California, USA",USA
,69.9,1964-01-11,AFWTR,729,1964-001C,SECOR 1B,PAY,UNK,EA,LEO,ORB,US,103.22,Inactive,USA,"Air Force Western Test Range, California, USA",USA
,69.91,1964-01-11,AFWTR,730,1964-001D,SOLRAD 7A,PAY,UNK,EA,LEO,ORB,US,103.16,Inactive,USA,"Air Force Western Test Range, California, USA",USA
,69.91,1964-01-11,AFWTR,731,1964-001E,GREB,PAY,UNK,EA,LEO,ORB,US,103.14,Inactive,USA,"Air Force Western Test Range, California, USA",USA
,98.98,1964-01-19,AFWTR,734,1964-002B,OPS 3367 A,PAY,UNK,EA,LEO,ORB,US,100.74,Inactive,USA,"Air Force Western Test Range, California, USA",USA
,99.0,1964-01-19,AFWTR,735,1964-002C,OPS 3367 B,PAY,UNK,EA,LEO,ORB,US,100.82,Inactive,USA,"Air Force Western Test Range, California, USA",USA
,46.44,1964-01-21,AFETR,737,1964-003A,RELAY 2,PAY,UNK,EA,MEO,ORB,US,194.72,Inactive,USA,"Air Force Eastern Test Range, Florida, USA",USA
,60.86,1964-01-30,TYMSC,746,1964-006A,ELEKTRON 1,PAY,UNK,EA,MEO,ORB,CIS,158.47,Inactive,Russia/USSR,"Tyuratam Missile and Space Center, Kazakhstan(Also known as Baikonur Cosmodrome)",Kazakhstan
,90.46,1964-06-04,AFWTR,801,1964-026A,OPS 4412 (TRANSIT 9),PAY,UNK,EA,LEO,ORB,US,101.67,Inactive,USA,"Air Force Western Test Range, California, USA",USA
,99.78,1964-06-18,AFWTR,812,1964-031A,OPS 4467 A,PAY,UNK,EA,LEO,ORB,US,101.1,Inactive,USA,"Air Force Western Test Range, California, USA",USA
,99.79,1964-06-18,AFWTR,813,1964-031B,OPS 4467 B,PAY,UNK,EA,LEO,ORB,US,101.16,Inactive,USA,"Air Force Western Test Range, California, USA",USA
,60.81,1964-07-10,TYMSC,829,1964-038A,ELEKTRON 3,PAY,UNK,EA,MEO,ORB,CIS,156.63,Inactive,Russia/USSR,"Tyuratam Missile and Space Center, Kazakhstan(Also known as Baikonur Cosmodrome)",Kazakhstan
,49.46,1964-07-17,AFETR,836,1964-040A,OPS 3662 (VELA 3),PAY,UNK,EA,HEO,ORB,US,6024.1,Inactive,USA,"Air Force Eastern Test Range, Florida, USA",USA
,48.6,1964-07-17,AFETR,837,1964-040B,OPS 3674 (VELA 4),PAY,UNK,EA,HEO,ORB,US,6000.92,Inactive,USA,"Air Force Eastern Test Range, Florida, USA",USA
,5.64,1964-08-19,AFETR,858,1964-047A,SYNCOM 3,PAY,-,EA,GSO,ORB,US,1434.8,Inactive,USA,"Air Force Eastern Test Range, Florida, USA",USA
,79.9,1964-08-25,AFWTR,870,1964-051A,EXPLORER 20,PAY,UNK,EA,LEO,ORB,US,103.48,Inactive,USA,"Air Force Western Test Range, California, USA",USA
,65.06,1964-08-28,TYMSC,876,1964-053A,COSMOS 44,PAY,UNK,EA,LEO,ORB,CIS,98.28,Inactive,Russia/USSR,"Tyuratam Missile and Space Center, Kazakhstan(Also known as Baikonur Cosmodrome)",Kazakhstan
,90.22,1964-10-06,AFWTR,897,1964-063B,OPS 5798 (TRANSIT 5B-4),PAY,UNK,EA,LEO,ORB,US,106.38,Inactive,USA,"Air Force Western Test Range, California, USA",USA
,79.69,1964-10-10,AFWTR,899,1964-064A,EXPLORER 22,PAY,UNK,EA,LEO,ORB,US,104.14,Inactive,USA,"Air Force Western Test Range, California, USA",USA
,90.21,1964-10-06,AFWTR,900,1964-063C,CALSPHERE 1,PAY,+,EA,LEO,ORB,US,104.67,Active,USA,"Air Force Western Test Range, California, USA",USA
,90.23,1964-10-06,AFWTR,902,1964-063E,CALSPHERE 2,PAY,+,EA,LEO,ORB,US,106.44,Active,USA,"Air Force Western Test Range, California, USA",USA
,81.34,1964-11-21,AFWTR,932,1964-076B,EXPLORER 25 (INJUN 4),PAY,UNK,EA,LEO,ORB,US,113.71,Inactive,USA,"Air Force Western Test Range, California, USA",USA
,90.0,1964-12-13,AFWTR,959,1964-083C,OPS 6582 (TRANSIT 5E-5),PAY,UNK,EA,LEO,ORB,US,105.71,Inactive,USA,"Air Force Western Test Range, California, USA",USA
,90.05,1964-12-13,AFWTR,965,1964-083D,OPS 6582 (TRANSIT 5B-5),PAY,UNK,EA,LEO,ORB,US,106.12,Inactive,USA,"Air Force Western Test Range, California, USA",USA
,96.4,1965-01-22,AFETR,978,1965-004A,TIROS 9,PAY,-,EA,LEO,ORB,US,118.9,Inactive,USA,"Air Force Eastern Test Range, Florida, USA",USA
,32.14,1965-02-11,AFETR,1002,1965-008C,LES-1,PAY,UNK,EA,MEO,ORB,US,145.7,Inactive,USA,"Air Force Eastern Test Range, Florida, USA",USA
,70.08,1965-03-09,AFWTR,1208,1965-016E,SECOR 3,PAY,UNK,EA,LEO,ORB,US,103.16,Inactive,USA,"Air Force Western Test Range, California, USA",USA
,70.08,1965-03-09,AFWTR,1244,1965-016B,GGSE 2,PAY,UNK,EA,LEO,ORB,US,103.15,Inactive,USA,"Air Force Western Test Range, California, USA",USA
,70.08,1965-03-09,AFWTR,1271,1965-016A,OPS 4988 (GREB 6),PAY,UNK,EA,LEO,ORB,US,103.11,Inactive,USA,"Air Force Western Test Range, California, USA",USA
,70.08,1965-03-09,AFWTR,1272,1965-016H,PORCUPINE 1,PAY,UNK,EA,LEO,ORB,US,103.27,Inactive,USA,"Air Force Western Test Range, California, USA",USA
,70.08,1965-03-09,AFWTR,1291,1965-016D,SOLRAD 7B,PAY,UNK,EA,LEO,ORB,US,103.24,Inactive,USA,"Air Force Western Test Range, California, USA",USA
,70.08,1965-03-09,AFWTR,1292,1965-016C,GGSE 3,PAY,UNK,EA,LEO,ORB,US,102.76,Inactive,USA,"Air Force Western Test Range, California, USA",USA
,70.07,1965-03-09,AFWTR,1293,1965-016F,OSCAR 3 (OSCAR III),PAY,-,EA,LEO,ORB,US,102.28,Inactive,USA,"Air Force Western Test Range, California, USA",USA
,90.24,1965-04-03,AFWTR,1314,1965-027A,OPS 4682 (SNAPSHOT),PAY,UNK,EA,LEO,ORB,US,111.47,Inactive,USA,"Air Force Western Test Range, California, USA",USA
,90.24,1965-04-03,AFWTR,1315,1965-027B,SECOR 4 (EGRS 4),PAY,UNK,EA,LEO,ORB,US,111.4,Inactive,USA,"Air Force Western Test Range, California, USA",USA
,5.86,1965-04-06,AFETR,1317,1965-028A,INTELSAT 1-F1,PAY,-,EA,GSO,ORB,ITSO,1435.11,Inactive,INTELSAT,"Air Force Eastern Test Range, Florida, USA",USA
,41.18,1965-04-29,WLPIS,1328,1965-032A,EXPLORER 27,PAY,UNK,EA,LEO,ORB,US,107.55,Inactive,USA,"Wallops Island, Virginia, USA",USA
,32.22,1965-05-06,AFETR,1360,1965-034B,LES-2,PAY,UNK,EA,MEO,ORB,US,309.79,Inactive,USA,"Air Force Eastern Test Range, Florida, USA",USA
,32.15,1965-05-06,AFETR,1361,1965-034C,LCS 1,PAY,+,EA,MEO,ORB,US,145.56,Active,USA,"Air Force Eastern Test Range, Florida, USA",USA
,89.89,1965-06-24,AFWTR,1420,1965-048A,OPS 8480 (TRANSIT 5B-6),PAY,UNK,EA,LEO,ORB,US,106.53,Inactive,USA,"Air Force Western Test Range, California, USA",USA
,98.45,1965-07-02,AFETR,1430,1965-051A,TIROS 10,PAY,-,EA,LEO,ORB,US,99.91,Inactive,USA,"Air Force Eastern Test Range, Florida, USA",USA
,24.21,1965-07-20,AFETR,1458,1965-058A,OPS 6577 (VELA 5),PAY,UNK,EA,HEO,ORB,US,6751.94,Inactive,USA,"Air Force Eastern Test Range, Florida, USA",USA
,41.09,1965-07-20,AFETR,1459,1965-058B,OPS 6564 (VELA 6),PAY,UNK,EA,HEO,ORB,US,6728.53,Inactive,USA,"Air Force Eastern Test Range, Florida, USA",USA
,69.24,1965-08-10,WLPIS,1506,1965-063A,SECOR 5 (EGRS 5),PAY,UNK,EA,LEO,ORB,US,122.17,Inactive,USA,"Wallops Island, Virginia, USA",USA
,90.05,1965-08-13,AFWTR,1510,1965-065C,DODECAPOLE 2,PAY,UNK,EA,LEO,ORB,US,102.42,Inactive,USA,"Air Force Western Test Range, California, USA",USA
,89.96,1965-08-13,AFWTR,1512,1965-065E,TEMPSAT 1,PAY,+,EA,LEO,ORB,US,107.98,Active,USA,"Air Force Western Test Range, California, USA",USA
,89.96,1965-08-13,AFWTR,1514,1965-065F,OPS 8464 (TRANSIT 5B-7),PAY,UNK,EA,LEO,ORB,US,107.84,Inactive,USA,"Air Force Western Test Range, California, USA",USA
,89.99,1965-08-13,AFWTR,1515,1965-065G,NAVSPASUR ROD 1,PAY,UNK,EA,LEO,ORB,US,106.64,Inactive,USA,"Air Force Western Test Range, California, USA",USA
,89.94,1965-08-13,AFWTR,1520,1965-065H,CALSPHERE 4A,PAY,+,EA,LEO,ORB,US,107.77,Active,USA,"Air Force Western Test Range, California, USA",USA
,56.06,1965-09-03,TYMSC,1570,1965-070A,COSMOS 80,PAY,UNK,EA,LEO,ORB,CIS,114.94,Inactive,Russia/USSR,"Tyuratam Missile and Space Center, Kazakhstan(Also known as Baikonur Cosmodrome)",Kazakhstan
,56.06,1965-09-03,TYMSC,1571,1965-070B,COSMOS 81,PAY,UNK,EA,LEO,ORB,CIS,115.31,Inactive,Russia/USSR,"Tyuratam Missile and Space Center, Kazakhstan(Also known as Baikonur Cosmodrome)",Kazakhstan
,56.06,1965-09-03,TYMSC,1572,1965-070C,COSMOS 82,PAY,UNK,EA,LEO,ORB,CIS,115.65,Inactive,Russia/USSR,"Tyuratam Missile and Space Center, Kazakhstan(Also known as Baikonur Cosmodrome)",Kazakhstan
,56.06,1965-09-03,TYMSC,1573,1965-070D,COSMOS 83,PAY,UNK,EA,LEO,ORB,CIS,116.03,Inactive,Russia/USSR,"Tyuratam Missile and Space Center, Kazakhstan(Also known as Baikonur Cosmodrome)",Kazakhstan
,56.06,1965-09-03,TYMSC,1574,1965-070E,COSMOS 84,PAY,UNK,EA,LEO,ORB,CIS,116.41,Inactive,Russia/USSR,"Tyuratam Missile and Space Center, Kazakhstan(Also known as Baikonur Cosmodrome)",Kazakhstan
,90.0,1965-08-13,AFWTR,1577,1965-065J,PORCUPINE 2,PAY,UNK,EA,LEO,ORB,US,107.77,Inactive,USA,"Air Force Western Test Range, California, USA",USA
,98.35,1965-09-10,AFWTR,1580,1965-072A,OPS 8068,PAY,UNK,EA,LEO,ORB,US,100.77,Inactive,USA,"Air Force Western Test Range, California, USA",USA
,56.06,1965-09-18,TYMSC,1584,1965-073A,COSMOS 86,PAY,UNK,EA,LEO,ORB,CIS,115.02,Inactive,Russia/USSR,"Tyuratam Missile and Space Center, Kazakhstan(Also known as Baikonur Cosmodrome)",Kazakhstan
,56.06,1965-09-18,TYMSC,1585,1965-073B,COSMOS 87,PAY,UNK,EA,LEO,ORB,CIS,115.44,Inactive,Russia/USSR,"Tyuratam Missile and Space Center, Kazakhstan(Also known as Baikonur Cosmodrome)",Kazakhstan
,56.06,1965-09-18,TYMSC,1586,1965-073C,COSMOS 88,PAY,UNK,EA,LEO,ORB,CIS,115.82,Inactive,Russia/USSR,"Tyuratam Missile and Space Center, Kazakhstan(Also known as Baikonur Cosmodrome)",Kazakhstan
,56.06,1965-09-18,TYMSC,1587,1965-073D,COSMOS 89,PAY,UNK,EA,LEO,ORB,CIS,116.22,Inactive,Russia/USSR,"Tyuratam Missile and Space Center, Kazakhstan(Also known as Baikonur Cosmodrome)",Kazakhstan
,56.05,1965-09-18,TYMSC,1588,1965-073E,COSMOS 90,PAY,UNK,EA,LEO,ORB,CIS,116.64,Inactive,Russia/USSR,"Tyuratam Missile and Space Center, Kazakhstan(Also known as Baikonur Cosmodrome)",Kazakhstan
,144.22,1965-10-05,AFWTR,1613,1965-078A,OV1-2,PAY,UNK,EA,LEO,ORB,US,111.23,Inactive,USA,"Air Force Western Test Range, California, USA",USA
,32.3,1965-10-15,AFETR,1641,1965-082C,OV2-1 & LCS 2,PAY,-,EA,LEO,ORB,US,99.01,Inactive,USA,"Air Force Eastern Test Range, Florida, USA",USA
,59.38,1965-11-06,AFETR,1726,1965-089A,EXPLORER 29 (GEOS 1),PAY,UNK,EA,LEO,ORB,US,120.29,Inactive,USA,"Air Force Eastern Test Range, Florida, USA",USA
,59.71,1965-11-19,WLPIS,1738,1965-093A,EXPLORER 30,PAY,UNK,EA,LEO,ORB,US,99.9,Inactive,USA,"Wallops Island, Virginia, USA",USA
,34.26,1965-11-26,HGSTR,1778,1965-096A,A-1 (ASTERIX),PAY,UNK,EA,LEO,ORB,FR,106.75,Inactive,France,"Hammaguira Space Track Range, Algeria",Algeria
,79.8,1965-11-29,AFWTR,1804,1965-098A,ALOUETTE 2,PAY,UNK,EA,LEO,ORB,CA,117.3,Inactive,Canada,"Air Force Western Test Range, California, USA",USA
,79.78,1965-11-29,AFWTR,1806,1965-098B,EXPLORER 31 (ISIS-X),PAY,UNK,EA,LEO,ORB,US,119.25,Inactive,USA,"Air Force Western Test Range, California, USA",USA
,75.86,1965-12-06,AFWTR,1814,1965-101A,FR 1,PAY,UNK,EA,LEO,ORB,FR,97.95,Inactive,France,"Air Force Western Test Range, California, USA",USA
,89.06,1965-12-22,AFWTR,1864,1965-109A,OPS 1509 (TRANSIT 10),PAY,UNK,EA,LEO,ORB,US,104.44,Inactive,USA,"Air Force Western Test Range, California, USA",USA
,90.16,1966-01-28,AFWTR,1952,1966-005A,OPS 1593 (TRANSIT 11),PAY,UNK,EA,LEO,ORB,US,105.27,Inactive,USA,"Air Force Western Test Range, California, USA",USA
,97.89,1966-02-03,AFETR,1982,1966-008A,ESSA 1 (OT-3),PAY,-,EA,LEO,ORB,US,99.45,Inactive,USA,"Air Force Eastern Test Range, Florida, USA",USA
,34.1,1966-02-17,HGSTR,2016,1966-013A,DIAPASON (D1-A),PAY,UNK,EA,LEO,ORB,FR,113.85,Inactive,France,"Hammaguira Space Track Range, Algeria",Algeria
,101.25,1966-02-28,AFETR,2091,1966-016A,ESSA 2 (OT-2),PAY,-,EA,LEO,ORB,US,113.44,Inactive,USA,"Air Force Eastern Test Range, Florida, USA",USA
,89.62,1966-03-26,AFWTR,2119,1966-024A,OPS 1117 (TRANSIT 12),PAY,UNK,EA,LEO,ORB,US,104.71,Inactive,USA,"Air Force Western Test Range, California, USA",USA
,144.5,1966-03-30,AFWTR,2121,1966-025A,OV1-4,PAY,UNK,EA,LEO,ORB,US,103.81,Inactive,USA,"Air Force Western Test Range, California, USA",USA
,144.63,1966-03-30,AFWTR,2122,1966-025B,OV1-5,PAY,UNK,EA,LEO,ORB,US,105.41,Inactive,USA,"Air Force Western Test Range, California, USA",USA
,97.99,1966-03-31,AFWTR,2125,1966-026A,OPS 0340,PAY,UNK,EA,LEO,ORB,US,98.66,Inactive,USA,"Air Force Western Test Range, California, USA",USA
,35.05,1966-04-08,AFETR,2142,1966-031A,OAO 1,PAY,UNK,EA,LEO,ORB,US,100.39,Inactive,USA,"Air Force Eastern Test Range, Florida, USA",USA
,82.37,1966-04-22,AFWTR,2150,1966-034A,OPS 1527 (OV3-1),PAY,UNK,EA,LEO,ORB,US,115.53,Inactive,USA,"Air Force Western Test Range, California, USA",USA
,100.58,1966-05-15,AFWTR,2173,1966-040A,NIMBUS 2,PAY,-,EA,LEO,ORB,US,107.97,Inactive,USA,"Air Force Western Test Range, California, USA",USA
,90.23,1966-05-19,AFWTR,2176,1966-041A,OPS 0082 (TRANSIT 13),PAY,UNK,EA,LEO,ORB,US,102.57,Inactive,USA,"Air Force Western Test Range, California, USA",USA
,40.9,1966-06-10,WLPIS,2201,1966-052A,OPS 1427 (OV3-4),PAY,UNK,EA,MEO,ORB,US,142.58,Inactive,USA,"Wallops Island, Virginia, USA",USA
,7.67,1966-06-16,AFETR,2207,1966-053A,OPS 9381 (GGTS),PAY,-,EA,MEO,ORB,US,1333.25,Inactive,USA,"Air Force Eastern Test Range, Florida, USA",USA
,7.68,1966-06-16,AFETR,2215,1966-053B,OPS 9311 (IDSCS 1),PAY,-,EA,MEO,ORB,US,1334.46,Inactive,USA,"Air Force Eastern Test Range, Florida, USA",USA
,7.66,1966-06-16,AFETR,2216,1966-053C,OPS 9312 (IDSCS 2),PAY,-,EA,MEO,ORB,US,1335.17,Inactive,USA,"Air Force Eastern Test Range, Florida, USA",USA
,7.64,1966-06-16,AFETR,2217,1966-053D,OPS 9313 (IDSCS 3),PAY,-,EA,MEO,ORB,US,1336.38,Inactive,USA,"Air Force Eastern Test Range, Florida, USA",USA
,7.56,1966-06-16,AFETR,2218,1966-053E,OPS 9314 (IDSCS 4),PAY,-,EA,MEO,ORB,US,1338.48,Inactive,USA,"Air Force Eastern Test Range, Florida, USA",USA
,7.54,1966-06-16,AFETR,2219,1966-053F,OPS 9315 (IDSCS 5),PAY,-,EA,MEO,ORB,US,1340.81,Inactive,USA,"Air Force Eastern Test Range, Florida, USA",USA
,7.44,1966-06-16,AFETR,2220,1966-053G,OPS 9316 (IDSCS 6),PAY,-,EA,MEO,ORB,US,1343.83,Inactive,USA,"Air Force Eastern Test Range, Florida, USA",USA
,7.39,1966-06-16,AFETR,2221,1966-053H,OPS 9317 (IDSCS 7),PAY,-,EA,MEO,ORB,US,1347.44,Inactive,USA,"Air Force Eastern Test Range, Florida, USA",USA
,24.14,1966-07-01,AFETR,2258,1966-058A,EXPLORER 33 (AIMP-D),PAY,UNK,EA,HEO,ORB,US,38792.36,Inactive,USA,"Air Force Eastern Test Range, Florida, USA",USA
,81.33,1966-08-04,AFWTR,2389,1966-070A,OV3-3,PAY,UNK,EA,LEO,ORB,US,108.33,Inactive,USA,"Air Force Western Test Range, California, USA",USA
,88.86,1966-08-18,AFWTR,2401,1966-076A,OPS 2366 (TRANSIT 14),PAY,UNK,EA,LEO,ORB,US,106.37,Inactive,USA,"Air Force Western Test Range, California, USA",USA
,90.34,1966-08-19,AFWTR,2403,1966-077A,OPS 0856,PAY,UNK,EA,MEO,ORB,US,167.47,Inactive,USA,"Air Force Western Test Range, California, USA",USA
,90.34,1966-08-19,AFWTR,2411,1966-077B,SECOR 7 (EGRS 7),PAY,UNK,EA,MEO,ORB,US,167.52,Inactive,USA,"Air Force Western Test Range, California, USA",USA
,90.34,1966-08-19,AFWTR,2412,1966-077C,ERS 15,PAY,UNK,EA,MEO,ORB,US,167.62,Inactive,USA,"Air Force Western Test Range, California, USA",USA
,98.27,1966-09-16,AFWTR,2418,1966-082A,OPS 6026 (DMSP 4A F1),PAY,-,EA,LEO,ORB,US,99.77,Inactive,USA,"Air Force Western Test Range, California, USA",USA
,101.09,1966-10-02,AFWTR,2435,1966-087A,ESSA 3 (TOS-A),PAY,-,EA,LEO,ORB,US,114.57,Inactive,USA,"Air Force Western Test Range, California, USA",USA
,89.81,1966-10-05,AFWTR,2481,1966-089A,OPS 1920,PAY,UNK,EA,MEO,ORB,US,167.59,Inactive,USA,"Air Force Western Test Range, California, USA",USA
,17.05,1966-10-26,AFETR,2514,1966-096A,INTELSAT 2-F1,PAY,-,EA,MEO,ORB,ITSO,717.94,Inactive,INTELSAT,"Air Force Eastern Test Range, Florida, USA",USA
,89.81,1966-10-05,AFWTR,2520,1966-089B,SECOR 8 (EGRS 8),PAY,UNK,EA,MEO,ORB,US,167.66,Inactive,USA,"Air Force Western Test Range, California, USA",USA
,3.64,1966-12-07,AFETR,2608,1966-110A,ATS 1,PAY,-,EA,GSO,ORB,US,1435.45,Inactive,USA,"Air Force Eastern Test Range, Florida, USA",USA
,99.1,1966-12-11,AFWTR,2610,1966-111A,OV1-9,PAY,UNK,EA,MEO,ORB,US,138.61,Inactive,USA,"Air Force Western Test Range, California, USA",USA
,1.89,1967-01-11,AFETR,2639,1967-001A,INTELSAT 2-F2,PAY,-,EA,GSO,ORB,ITSO,1437.95,Inactive,INTELSAT,"Air Force Eastern Test Range, Florida, USA",USA
,7.35,1967-01-18,AFETR,2645,1967-003A,OPS 9321 (IDSCS 8),PAY,-,EA,MEO,ORB,US,1329.43,Inactive,USA,"Air Force Eastern Test Range, Florida, USA",USA
,7.31,1967-01-18,AFETR,2649,1967-003B,OPS 9322 (IDSCS 9),PAY,-,EA,MEO,ORB,US,1329.86,Inactive,USA,"Air Force Eastern Test Range, Florida, USA",USA
,7.29,1967-01-18,AFETR,2650,1967-003C,OPS 9323 (IDSCS 10),PAY,-,EA,MEO,ORB,US,1330.59,Inactive,USA,"Air Force Eastern Test Range, Florida, USA",USA
,7.25,1967-01-18,AFETR,2651,1967-003D,OPS 9324 (IDSCS 11),PAY,-,EA,MEO,ORB,US,1332.03,Inactive,USA,"Air Force Eastern Test Range, Florida, USA",USA
,7.24,1967-01-18,AFETR,2652,1967-003E,OPS 9325 (IDSCS 12),PAY,-,EA,MEO,ORB,US,1334.04,Inactive,USA,"Air Force Eastern Test Range, Florida, USA",USA
,7.15,1967-01-18,AFETR,2653,1967-003F,OPS 9326 (IDSCS 13),PAY,-,EA,MEO,ORB,US,1336.44,Inactive,USA,"Air Force Eastern Test Range, Florida, USA",USA
,7.12,1967-01-18,AFETR,2654,1967-003G,OPS 9327 (IDSCS 14),PAY,-,EA,MEO,ORB,US,1339.39,Inactive,USA,"Air Force Eastern Test Range, Florida, USA",USA
,7.01,1967-01-18,AFETR,2655,1967-003H,OPS 9328 (IDSCS 15),PAY,-,EA,MEO,ORB,US,1342.91,Inactive,USA,"Air Force Eastern Test Range, Florida, USA",USA
,102.06,1967-01-26,AFWTR,2657,1967-006A,ESSA 4 (TOS-B),PAY,-,EA,LEO,ORB,US,113.4,Inactive,USA,"Air Force Western Test Range, California, USA",USA
,99.06,1967-02-08,AFWTR,2669,1967-010A,OPS 6073 (DMSP 4A F2),PAY,-,EA,LEO,ORB,US,100.85,Inactive,USA,"Air Force Western Test Range, California, USA",USA
,39.92,1967-02-08,HGSTR,2674,1967-011A,DIADEME 1,PAY,UNK,EA,LEO,ORB,FR,98.13,Inactive,France,"Hammaguira Space Track Range, Algeria",Algeria
,39.45,1967-02-15,HGSTR,2680,1967-014A,DIADEME 2,PAY,UNK,EA,LEO,ORB,FR,107.42,Inactive,France,"Hammaguira Space Track Range, Algeria",Algeria
,2.77,1967-03-23,AFETR,2717,1967-026A,INTELSAT 2-F3,PAY,-,EA,GSO,ORB,ITSO,1436.19,Inactive,INTELSAT,"Air Force Eastern Test Range, Florida, USA",USA
,90.21,1967-04-14,AFWTR,2754,1967-034A,OPS 0100 (TRANSIT 15),PAY,UNK,EA,LEO,ORB,US,106.1,Inactive,USA,"Air Force Western Test Range, California, USA",USA
,101.94,1967-04-20,AFWTR,2757,1967-036A,ESSA 5,PAY,-,EA,LEO,ORB,US,113.52,Inactive,USA,"Air Force Western Test Range, California, USA",USA
,37.24,1967-04-28,AFETR,2765,1967-040A,OPS 6638 (VELA 7),PAY,UNK,EA,HEO,ORB,US,6697.76,Inactive,USA,"Air Force Eastern Test Range, Florida, USA",USA
,33.42,1967-04-28,AFETR,2766,1967-040B,OPS 6679 (VELA 8),PAY,UNK,EA,HEO,ORB,US,6772.91,Inactive,USA,"Air Force Eastern Test Range, Florida, USA",USA
,35.17,1967-04-28,AFETR,2767,1967-040C,ERS 18,PAY,UNK,EA,HEO,ORB,US,2831.24,Inactive,USA,"Air Force Eastern Test Range, Florida, USA",USA
,35.12,1967-04-28,AFETR,2768,1967-040D,ERS 20 (OV5-3),PAY,UNK,EA,HEO,ORB,US,2830.97,Inactive,USA,"Air Force Eastern Test Range, Florida, USA",USA
,37.51,1967-04-28,AFETR,2769,1967-040E,ERS 27 (OV5-1),PAY,UNK,EA,HEO,ORB,US,2826.75,Inactive,USA,"Air Force Eastern Test Range, Florida, USA",USA
,74.04,1967-05-15,PLMSC,2801,1967-045A,COSMOS 158,PAY,UNK,EA,LEO,ORB,CIS,100.22,Inactive,Russia/USSR,"Plesetsk Missile and Space Complex, Russia",Russia
,89.67,1967-05-18,AFWTR,2807,1967-048A,OPS 7218 (TRANSIT 16),PAY,UNK,EA,LEO,ORB,US,106.62,Inactive,USA,"Air Force Western Test Range, California, USA",USA
,69.92,1967-05-31,AFWTR,2826,1967-053A,OPS 5712 (P/L 160),PAY,+,EA,LEO,ORB,US,98.21,Active,USA,"Air Force Western Test Range, California, USA",USA
,69.97,1967-05-31,AFWTR,2828,1967-053C,GGSE 4,PAY,UNK,EA,LEO,ORB,US,103.01,Inactive,USA,"Air Force Western Test Range, California, USA",USA
,69.97,1967-05-31,AFWTR,2834,1967-053D,GGSE 5,PAY,UNK,EA,LEO,ORB,US,103.15,Inactive,USA,"Air Force Western Test Range, California, USA",USA
,69.97,1967-05-31,AFWTR,2847,1967-053E,TIMATION 1,PAY,UNK,EA,LEO,ORB,US,102.66,Inactive,USA,"Air Force Western Test Range, California, USA",USA
,90.02,1967-06-29,AFWTR,2861,1967-065A,SECOR 9 (EGRS 9),PAY,UNK,EA,MEO,ORB,US,172.11,Inactive,USA,"Air Force Western Test Range, California, USA",USA
,1.67,1967-07-01,AFETR,2862,1967-066A,OPS 9331 (IDSCS 16),PAY,-,EA,MEO,ORB,US,1309.62,Inactive,USA,"Air Force Eastern Test Range, Florida, USA",USA
,1.65,1967-07-01,AFETR,2863,1967-066B,OPS 9332 (IDSCS 17),PAY,-,EA,MEO,ORB,US,1310.32,Inactive,USA,"Air Force Eastern Test Range, Florida, USA",USA
,1.59,1967-07-01,AFETR,2864,1967-066C,OPS 9333 (IDSCS 18),PAY,-,EA,MEO,ORB,US,1311.65,Inactive,USA,"Air Force Eastern Test Range, Florida, USA",USA
,1.52,1967-07-01,AFETR,2865,1967-066D,OPS 9334 (IDSCS 19),PAY,-,EA,MEO,ORB,US,1313.58,Inactive,USA,"Air Force Eastern Test Range, Florida, USA",USA
,1.44,1967-07-01,AFETR,2866,1967-066E,LES-5,PAY,P,EA,MEO,ORB,US,1315.97,Active,USA,"Air Force Eastern Test Range, Florida, USA",USA
,1.32,1967-07-01,AFETR,2867,1967-066F,DODGE 1,PAY,UNK,EA,MEO,ORB,US,1319.08,Inactive,USA,"Air Force Eastern Test Range, Florida, USA",USA
,69.97,1967-05-31,AFWTR,2872,1967-053F,SURCAL 159,PAY,+,EA,LEO,ORB,US,102.9,Active,USA,"Air Force Western Test Range, California, USA",USA
,69.97,1967-05-31,AFWTR,2873,1967-053G,OPS 5712 (P/L 152),PAY,UNK,EA,LEO,ORB,US,102.98,Inactive,USA,"Air Force Western Test Range, California, USA",USA
,69.97,1967-05-31,AFWTR,2874,1967-053H,OPS 5712 (P/L 153),PAY,+,EA,LEO,ORB,US,103.1,Active,USA,"Air Force Western Test Range, California, USA",USA
,90.02,1967-06-29,AFWTR,2876,1967-065B,AURORA 1,PAY,UNK,EA,MEO,ORB,US,172.13,Inactive,USA,"Air Force Western Test Range, California, USA",USA
,69.93,1967-05-31,AFWTR,2909,1967-053J,SURCAL 150B,PAY,+,EA,LEO,ORB,US,96.02,Active,USA,"Air Force Western Test Range, California, USA",USA
,98.65,1967-08-23,AFWTR,2920,1967-080A,OPS 7202 (DMSP 4A F3),PAY,-,EA,LEO,ORB,US,101.76,Inactive,USA,"Air Force Western Test Range, California, USA",USA
,89.24,1967-09-25,AFWTR,2965,1967-092A,OPS 4947 (TRANSIT 17),PAY,UNK,EA,LEO,ORB,US,106.4,Inactive,USA,"Air Force Western Test Range, California, USA",USA
,2.72,1967-09-28,AFETR,2969,1967-094A,INTELSAT 2-F4,PAY,-,EA,GSO,ORB,ITSO,1437.03,Inactive,INTELSAT,"Air Force Eastern Test Range, Florida, USA",USA
,99.24,1967-10-11,AFWTR,2980,1967-096A,OPS 1264 (DMSP 4A F4),PAY,-,EA,LEO,ORB,US,98.49,Inactive,USA,"Air Force Western Test Range, California, USA",USA
,1.81,1967-11-05,AFETR,3029,1967-111A,ATS 3,PAY,-,EA,GSO,ORB,US,1436.1,Inactive,USA,"Air Force Eastern Test Range, Florida, USA",USA
,102.02,1967-11-10,AFWTR,3035,1967-114A,ESSA 6 (TOS-D),PAY,-,EA,LEO,ORB,US,114.81,Inactive,USA,"Air Force Western Test Range, California, USA",USA
,74.01,1967-11-23,PLMSC,3047,1967-116A,COSMOS 192,PAY,UNK,EA,LEO,ORB,CIS,98.83,Inactive,Russia/USSR,"Plesetsk Missile and Space Complex, Russia",Russia
,65.14,1967-12-27,TYMSC,3081,1967-127A,COSMOS 198,PAY,UNK,EA,LEO,ORB,CIS,103.35,Inactive,Russia/USSR,"Tyuratam Missile and Space Center, Kazakhstan(Also known as Baikonur Cosmodrome)",Kazakhstan
,105.8,1968-01-11,AFWTR,3093,1968-002A,EXPLORER 36 (GEOS 2),PAY,UNK,EA,LEO,ORB,US,112.19,Inactive,USA,"Air Force Western Test Range, California, USA",USA
,74.05,1968-02-20,PLMSC,3129,1968-011A,COSMOS 203,PAY,UNK,EA,LEO,ORB,CIS,109.23,Inactive,Russia/USSR,"Plesetsk Missile and Space Complex, Russia",Russia
,90.03,1968-03-02,AFWTR,3133,1968-012A,OPS 7034 (TRANSIT 18),PAY,UNK,EA,LEO,ORB,US,106.55,Inactive,USA,"Air Force Western Test Range, California, USA",USA
,65.33,1968-03-22,TYMSC,3158,1968-023A,COSMOS 209,PAY,UNK,EA,LEO,ORB,CIS,103.01,Inactive,Russia/USSR,"Tyuratam Missile and Space Center, Kazakhstan(Also known as Baikonur Cosmodrome)",Kazakhstan
,99.94,1968-04-06,AFWTR,3173,1968-026A,OV1-13,PAY,UNK,EA,MEO,ORB,US,198.44,Inactive,USA,"Air Force Western Test Range, California, USA",USA
,99.99,1968-04-06,AFWTR,3174,1968-026B,OV1-14,PAY,UNK,EA,MEO,ORB,US,206.72,Inactive,USA,"Air Force Western Test Range, California, USA",USA
,74.03,1968-05-07,PLMSC,3229,1968-040A,COSMOS 220,PAY,UNK,EA,LEO,ORB,CIS,97.34,Inactive,Russia/USSR,"Plesetsk Missile and Space Complex, Russia",Russia
,98.58,1968-05-23,AFWTR,3266,1968-042A,OPS 7869 (DMSP 4B F1),PAY,-,EA,LEO,ORB,US,101.72,Inactive,USA,"Air Force Western Test Range, California, USA",USA
,6.12,1968-06-13,AFETR,3284,1968-050A,OPS 9341 (IDSCS 20),PAY,-,EA,MEO,ORB,US,1335.14,Inactive,USA,"Air Force Eastern Test Range, Florida, USA",USA
,6.15,1968-06-13,AFETR,3285,1968-050B,OPS 9342 (IDSCS 21),PAY,-,EA,MEO,ORB,US,1335.56,Inactive,USA,"Air Force Eastern Test Range, Florida, USA",USA
,6.13,1968-06-13,AFETR,3286,1968-050C,OPS 9343 (IDSCS 22),PAY,-,EA,MEO,ORB,US,1336.33,Inactive,USA,"Air Force Eastern Test Range, Florida, USA",USA
,6.09,1968-06-13,AFETR,3287,1968-050D,OPS 9344 (IDSCS 23),PAY,-,EA,MEO,ORB,US,1337.78,Inactive,USA,"Air Force Eastern Test Range, Florida, USA",USA
,6.0,1968-06-13,AFETR,3288,1968-050E,OPS 9345 (IDSCS 24),PAY,-,EA,MEO,ORB,US,1339.81,Inactive,USA,"Air Force Eastern Test Range, Florida, USA",USA
,5.97,1968-06-13,AFETR,3289,1968-050F,OPS 9346 (IDSCS 25),PAY,-,EA,MEO,ORB,US,1342.19,Inactive,USA,"Air Force Eastern Test Range, Florida, USA",USA
,5.85,1968-06-13,AFETR,3290,1968-050G,OPS 9347 (IDSCS 26),PAY,-,EA,MEO,ORB,US,1345.35,Inactive,USA,"Air Force Eastern Test Range, Florida, USA",USA
,5.78,1968-06-13,AFETR,3291,1968-050H,OPS 9348 (IDSCS 27),PAY,-,EA,MEO,ORB,US,1348.73,Inactive,USA,"Air Force Eastern Test Range, Florida, USA",USA
,120.84,1968-07-04,AFWTR,3307,1968-055A,EXPLORER 38 (RAE-A),PAY,UNK,EA,MEO,ORB,US,224.11,Inactive,USA,"Air Force Western Test Range, California, USA",USA
,7.29,1968-08-06,AFETR,3334,1968-063A,OPS 2222,PAY,-,EA,GSO,ORB,US,1450.85,Inactive,USA,"Air Force Eastern Test Range, Florida, USA",USA
,80.66,1968-08-08,AFWTR,3338,1968-066B,EXPLORER 40 (INJUN 5),PAY,UNK,EA,LEO,ORB,US,117.71,Inactive,USA,"Air Force Western Test Range, California, USA",USA
,101.48,1968-08-16,AFWTR,3345,1968-069A,ESSA 7 (TOS-E),PAY,-,EA,LEO,ORB,US,114.92,Inactive,USA,"Air Force Western Test Range, California, USA",USA
,1.13,1968-09-26,AFETR,3428,1968-081A,OV2-5,PAY,-,EA,GSO,ORB,US,1417.9,Inactive,USA,"Air Force Eastern Test Range, Florida, USA",USA
,3.0,1968-09-26,AFETR,3430,1968-081C,ERS 21 (OV5-4),PAY,-,EA,GSO,ORB,US,1435.75,Inactive,USA,"Air Force Eastern Test Range, Florida, USA",USA
,1.08,1968-09-26,AFETR,3431,1968-081D,LES-6,PAY,-,EA,GSO,ORB,US,1436.72,Inactive,USA,"Air Force Eastern Test Range, Florida, USA",USA
,62.36,1968-10-20,TYMSC,3504,1968-091A,COSMOS 249,PAY,UNK,EA,LEO,ORB,CIS,111.04,Inactive,Russia/USSR,"Tyuratam Missile and Space Center, Kazakhstan(Also known as Baikonur Cosmodrome)",Kazakhstan
,98.51,1968-10-23,AFWTR,3510,1968-092A,OPS 4078 (DMSP 4B F2),PAY,-,EA,LEO,ORB,US,100.84,Inactive,USA,"Air Force Western Test Range, California, USA",USA
,62.33,1968-11-01,TYMSC,3530,1968-097A,COSMOS 252,PAY,UNK,EA,LEO,ORB,CIS,111.8,Inactive,Russia/USSR,"Tyuratam Missile and Space Center, Kazakhstan(Also known as Baikonur Cosmodrome)",Kazakhstan
,74.05,1968-11-30,PLMSC,3576,1968-106A,COSMOS 256,PAY,UNK,EA,LEO,ORB,CIS,109.35,Inactive,Russia/USSR,"Plesetsk Missile and Space Complex, Russia",Russia
,34.99,1968-12-07,AFETR,3597,1968-110A,OAO 2,PAY,UNK,EA,LEO,ORB,US,99.52,Inactive,USA,"Air Force Eastern Test Range, Florida, USA",USA
,80.36,1968-12-12,AFWTR,3605,1968-112B,OPS 7684,PAY,UNK,EA,LEO,ORB,US,114.22,Inactive,USA,"Air Force Western Test Range, California, USA",USA
,101.63,1968-12-15,AFWTR,3615,1968-114A,ESSA 8 (TOS-F),PAY,-,EA,LEO,ORB,US,114.63,Inactive,USA,"Air Force Western Test Range, California, USA",USA
,5.39,1968-12-19,AFETR,3623,1968-116A,INTELSAT 3-F2,PAY,-,EA,HEO,ORB,ITSO,1596.55,Inactive,INTELSAT,"Air Force Eastern Test Range, Florida, USA",USA
,88.45,1969-01-30,AFWTR,3669,1969-009A,ISIS 1,PAY,UNK,EA,LEO,ORB,CA,127.42,Inactive,Canada,"Air Force Western Test Range, California, USA",USA
,80.39,1969-02-05,AFWTR,3673,1969-010B,OPS 2644,PAY,UNK,EA,LEO,ORB,US,113.96,Inactive,USA,"Air Force Western Test Range, California, USA",USA
,10.87,1969-02-06,AFETR,3674,1969-011A,INTELSAT 3-F3,PAY,-,EA,HEO,ORB,ITSO,1695.5,Inactive,INTELSAT,"Air Force Eastern Test Range, Florida, USA",USA
,1.5,1969-02-09,AFETR,3691,1969-013A,OPS 0757 (TACSAT),PAY,-,EA,GSO,ORB,US,1433.54,Inactive,USA,"Air Force Eastern Test Range, Florida, USA",USA
,101.41,1969-02-26,AFETR,3764,1969-016A,ESSA 9 (TOS-G),PAY,-,EA,LEO,ORB,US,115.21,Inactive,USA,"Air Force Eastern Test Range, Florida, USA",USA
,73.99,1969-03-17,PLMSC,3818,1969-024A,COSMOS 272,PAY,UNK,EA,LEO,ORB,CIS,109.26,Inactive,Russia/USSR,"Plesetsk Missile and Space Complex, Russia",Russia
,104.73,1969-03-18,AFWTR,3825,1969-025C,OV1-19,PAY,UNK,EA,MEO,ORB,US,150.35,Inactive,USA,"Air Force Western Test Range, California, USA",USA
,,1969-04-13,AFETR,3889,1969-036A,OPS 3148,PAY,-,EA,,ORB,US,,Inactive,USA,"Air Force Eastern Test Range, Florida, USA",USA
,99.78,1969-04-14,AFWTR,3890,1969-037A,NIMBUS 3,PAY,-,EA,LEO,ORB,US,107.25,Inactive,USA,"Air Force Western Test Range, California, USA",USA
,99.73,1969-04-14,AFWTR,3891,1969-037B,SECOR 13 (EGRS 13),PAY,UNK,EA,LEO,ORB,US,107.23,Inactive,USA,"Air Force Western Test Range, California, USA",USA
,5.2,1969-05-22,AFETR,3947,1969-045A,INTELSAT 3-F4,PAY,-,EA,HEO,ORB,ITSO,1599.21,Inactive,INTELSAT,"Air Force Eastern Test Range, Florida, USA",USA
,33.99,1969-05-23,AFETR,3950,1969-046A,ERS 29 (OV5-5),PAY,UNK,EA,HEO,ORB,US,3119.99,Inactive,USA,"Air Force Eastern Test Range, Florida, USA",USA
,32.95,1969-05-23,AFETR,3951,1969-046B,ERS 26 (OV5-6),PAY,UNK,EA,HEO,ORB,US,3114.85,Inactive,USA,"Air Force Eastern Test Range, Florida, USA",USA
,32.93,1969-05-23,AFETR,3952,1969-046C,OV5-9,PAY,UNK,EA,HEO,ORB,US,3114.97,Inactive,USA,"Air Force Eastern Test Range, Florida, USA",USA
,86.64,1969-05-23,AFETR,3954,1969-046D,OPS 6909 (VELA 9),PAY,UNK,EA,HEO,ORB,US,6693.08,Inactive,USA,"Air Force Eastern Test Range, Florida, USA",USA
,34.31,1969-05-23,AFETR,3955,1969-046E,OPS 6911 (VELA 10),PAY,UNK,EA,HEO,ORB,US,6736.64,Inactive,USA,"Air Force Eastern Test Range, Florida, USA",USA
,98.49,1969-07-23,AFWTR,4047,1969-062A,OPS 1127 (DMSP 4B F3),PAY,-,EA,LEO,ORB,US,100.75,Inactive,USA,"Air Force Western Test Range, California, USA",USA
,1.31,1969-08-12,AFETR,4068,1969-069A,ATS 5,PAY,-,EA,GSO,ORB,US,1447.31,Inactive,USA,"Air Force Eastern Test Range, Florida, USA",USA
,74.05,1969-08-13,PLMSC,4070,1969-070A,COSMOS 292,PAY,UNK,EA,LEO,ORB,CIS,98.97,Inactive,Russia/USSR,"Plesetsk Missile and Space Complex, Russia",Russia
,69.99,1969-09-30,AFWTR,4132,1969-082K,SOICAL [CONE],PAY,UNK,EA,LEO,ORB,US,100.71,Inactive,USA,"Air Force Western Test Range, California, USA",USA
,74.04,1969-10-21,PLMSC,4138,1969-091A,COSMOS 304,PAY,UNK,EA,LEO,ORB,CIS,99.56,Inactive,Russia/USSR,"Plesetsk Missile and Space Complex, Russia",Russia
,70.01,1969-09-30,AFWTR,4168,1969-082H,TEMPSAT 2,PAY,UNK,EA,LEO,ORB,US,103.16,Inactive,USA,"Air Force Western Test Range, California, USA",USA
,102.68,1969-11-08,AFWTR,4221,1969-097A,AZUR (GRS A),PAY,UNK,EA,LEO,ORB,GER,96.79,Inactive,Germany,"Air Force Western Test Range, California, USA",USA
,70.01,1969-09-30,AFWTR,4237,1969-082E,OPS 7613 (P/L 4),PAY,UNK,EA,LEO,ORB,US,103.16,Inactive,USA,"Air Force Western Test Range, California, USA",USA
,70.01,1969-09-30,AFWTR,4247,1969-082F,OPS 7613 (P/L 5),PAY,UNK,EA,LEO,ORB,US,103.16,Inactive,USA,"Air Force Western Test Range, California, USA",USA
,0.94,1969-11-22,AFETR,4250,1969-101A,SKYNET 1A,PAY,-,EA,GSO,ORB,UK,1436.09,Inactive,UK,"Air Force Eastern Test Range, Florida, USA",USA
,74.02,1969-11-24,PLMSC,4254,1969-103A,COSMOS 312,PAY,UNK,EA,LEO,ORB,CIS,108.5,Inactive,Russia/USSR,"Plesetsk Missile and Space Complex, Russia",Russia
,70.01,1969-09-30,AFWTR,4256,1969-082B,OPS 7613 (P/L 1),PAY,UNK,EA,LEO,ORB,US,102.93,Inactive,USA,"Air Force Western Test Range, California, USA",USA
,70.01,1969-09-30,AFWTR,4257,1969-082C,TIMATION 2,PAY,UNK,EA,LEO,ORB,US,103.13,Inactive,USA,"Air Force Western Test Range, California, USA",USA
,70.01,1969-09-30,AFWTR,4259,1969-082D,OPS 7613 (P/L 3),PAY,UNK,EA,LEO,ORB,US,103.22,Inactive,USA,"Air Force Western Test Range, California, USA",USA
,70.01,1969-09-30,AFWTR,4295,1969-082G,OPS 7613 (P/L 6),PAY,UNK,EA,LEO,ORB,US,103.19,Inactive,USA,"Air Force Western Test Range, California, USA",USA
,0.33,1970-01-15,AFETR,4297,1970-003A,INTELSAT 3-F6,PAY,-,EA,GSO,ORB,ITSO,1452.18,Inactive,INTELSAT,"Air Force Eastern Test Range, Florida, USA",USA
,101.45,1970-01-23,AFWTR,4320,1970-008A,ITOS 1 (TIROS M),PAY,-,EA,LEO,ORB,US,115.01,Inactive,USA,"Air Force Western Test Range, California, USA",USA
,101.35,1970-01-23,AFWTR,4321,1970-008B,OSCAR 5 (AO-5),PAY,-,EA,LEO,ORB,AUS,115.0,Inactive,Australia,"Air Force Western Test Range, California, USA",USA
,99.22,1970-02-04,AFWTR,4327,1970-009A,SERT 2,PAY,UNK,EA,LEO,ORB,US,105.99,Inactive,USA,"Air Force Western Test Range, California, USA",USA
,98.95,1970-02-11,AFWTR,4331,1970-012A,OPS 0054 (DMSP 5A F1),PAY,-,EA,LEO,ORB,US,100.41,Inactive,USA,"Air Force Western Test Range, California, USA",USA
,1.71,1970-03-20,AFETR,4353,1970-021A,NATO 2A,PAY,-,EA,GSO,ORB,NATO,1436.23,Inactive,NATO,"Air Force Eastern Test Range, Florida, USA",USA
,99.96,1970-04-08,AFWTR,4362,1970-025A,NIMBUS 4,PAY,-,EA,LEO,ORB,US,107.09,Inactive,USA,"Air Force Western Test Range, California, USA",USA
,99.9,1970-04-08,AFWTR,4363,1970-025B,TOPO 1,PAY,UNK,EA,LEO,ORB,US,106.93,Inactive,USA,"Air Force Western Test Range, California, USA",USA
,89.84,1970-04-08,AFETR,4366,1970-027A,OPS 7044 (VELA 12),PAY,UNK,EA,HEO,ORB,US,6715.01,Inactive,USA,"Air Force Eastern Test Range, Florida, USA",USA
,87.62,1970-04-08,AFETR,4368,1970-027B,OPS 7033 (VELA 11),PAY,UNK,EA,HEO,ORB,US,6699.85,Inactive,USA,"Air Force Eastern Test Range, Florida, USA",USA
,74.03,1970-04-11,PLMSC,4369,1970-028A,COSMOS 332,PAY,UNK,EA,LEO,ORB,CIS,99.13,Inactive,Russia/USSR,"Plesetsk Missile and Space Complex, Russia",Russia
,1.06,1970-04-23,AFETR,4376,1970-032A,INTELSAT 3-F7,PAY,-,EA,GSO,ORB,ITSO,1435.95,Inactive,INTELSAT,"Air Force Eastern Test Range, Florida, USA",USA
,68.42,1970-04-24,JSC,4382,1970-034A,DFH 1,PAY,UNK,EA,LEO,ORB,PRC,109.72,Inactive,China,"Jiuquan Space Center, PRC",PRC
,74.03,1970-04-25,PLMSC,4383,1970-036A,COSMOS 336,PAY,UNK,EA,LEO,ORB,CIS,115.42,Inactive,Russia/USSR,"Plesetsk Missile and Space Complex, Russia",Russia
,74.03,1970-04-25,PLMSC,4384,1970-036B,COSMOS 337,PAY,UNK,EA,LEO,ORB,CIS,116.2,Inactive,Russia/USSR,"Plesetsk Missile and Space Complex, Russia",Russia
,74.03,1970-04-25,PLMSC,4385,1970-036C,COSMOS 338,PAY,UNK,EA,LEO,ORB,CIS,115.81,Inactive,Russia/USSR,"Plesetsk Missile and Space Complex, Russia",Russia
,74.03,1970-04-25,PLMSC,4386,1970-036D,COSMOS 339,PAY,UNK,EA,LEO,ORB,CIS,115.03,Inactive,Russia/USSR,"Plesetsk Missile and Space Complex, Russia",Russia
,74.03,1970-04-25,PLMSC,4387,1970-036E,COSMOS 340,PAY,UNK,EA,LEO,ORB,CIS,114.62,Inactive,Russia/USSR,"Plesetsk Missile and Space Complex, Russia",Russia
,74.03,1970-04-25,PLMSC,4388,1970-036F,COSMOS 341,PAY,UNK,EA,LEO,ORB,CIS,113.89,Inactive,Russia/USSR,"Plesetsk Missile and Space Complex, Russia",Russia
,74.03,1970-04-25,PLMSC,4389,1970-036G,COSMOS 342,PAY,UNK,EA,LEO,ORB,CIS,113.54,Inactive,Russia/USSR,"Plesetsk Missile and Space Complex, Russia",Russia
,74.03,1970-04-25,PLMSC,4390,1970-036H,COSMOS 343,PAY,UNK,EA,LEO,ORB,CIS,114.25,Inactive,Russia/USSR,"Plesetsk Missile and Space Complex, Russia",Russia
,2.71,1970-06-19,AFETR,4418,1970-046A,OPS 5346,PAY,-,EA,GSO,ORB,US,1436.39,Inactive,USA,"Air Force Eastern Test Range, Florida, USA",USA
,81.22,1970-06-23,PLMSC,4419,1970-047A,METEOR 1-5,PAY,UNK,EA,LEO,ORB,CIS,101.7,Inactive,Russia/USSR,"Plesetsk Missile and Space Complex, Russia",Russia
,4.15,1970-07-23,AFETR,4478,1970-055A,INTELSAT 3-F8,PAY,-,EA,GSO,ORB,ITSO,1408.13,Inactive,INTELSAT,"Air Force Eastern Test Range, Florida, USA",USA
,,1970-08-19,AFETR,4493,1970-062A,SKYNET 1B,PAY,UNK,EA,,ORB,UK,,Inactive,UK,"Air Force Eastern Test Range, Florida, USA",USA
,89.98,1970-08-27,AFWTR,4507,1970-067A,NNSS 19 (TRANSIT 19),PAY,UNK,EA,LEO,ORB,US,106.57,Inactive,USA,"Air Force Western Test Range, California, USA",USA
,10.34,1970-09-01,AFETR,4510,1970-069A,OPS 7329,PAY,-,EA,GSO,ORB,US,1436.12,Inactive,USA,"Air Force Eastern Test Range, Florida, USA",USA
,98.83,1970-09-03,AFWTR,4512,1970-070A,OPS 0203 (DMSP 5A F2),PAY,-,EA,LEO,ORB,US,100.28,Inactive,USA,"Air Force Western Test Range, California, USA",USA
,65.28,1970-10-03,TYMSC,4564,1970-079A,COSMOS 367,PAY,UNK,EA,LEO,ORB,CIS,104.46,Inactive,Russia/USSR,"Tyuratam Missile and Space Center, Kazakhstan(Also known as Baikonur Cosmodrome)",Kazakhstan
,74.0,1970-10-12,PLMSC,4578,1970-083A,COSMOS 371,PAY,UNK,EA,LEO,ORB,CIS,98.95,Inactive,Russia/USSR,"Plesetsk Missile and Space Complex, Russia",Russia
,74.06,1970-10-16,PLMSC,4588,1970-086A,COSMOS 372,PAY,UNK,EA,LEO,ORB,CIS,100.23,Inactive,Russia/USSR,"Plesetsk Missile and Space Complex, Russia",Russia
,62.94,1970-10-23,TYMSC,4594,1970-089A,COSMOS 374,PAY,UNK,EA,LEO,ORB,CIS,111.1,Inactive,Russia/USSR,"Tyuratam Missile and Space Center, Kazakhstan(Also known as Baikonur Cosmodrome)",Kazakhstan
,62.81,1970-10-30,TYMSC,4598,1970-091A,COSMOS 375,PAY,UNK,EA,LEO,ORB,CIS,111.02,Inactive,Russia/USSR,"Tyuratam Missile and Space Center, Kazakhstan(Also known as Baikonur Cosmodrome)",Kazakhstan
,14.31,1970-11-06,AFETR,4630,1970-093A,OPS 5960 (DSP 1),PAY,-,EA,MEO,ORB,US,1197.83,Inactive,USA,"Air Force Eastern Test Range, Florida, USA",USA
,74.03,1970-12-02,PLMSC,4783,1970-102A,COSMOS 381,PAY,UNK,EA,LEO,ORB,CIS,104.73,Inactive,Russia/USSR,"Plesetsk Missile and Space Complex, Russia",Russia
,55.86,1970-12-02,TYMSC,4786,1970-103A,COSMOS 382,PAY,UNK,EA,MEO,ORB,CIS,171.01,Inactive,Russia/USSR,"Tyuratam Missile and Space Center, Kazakhstan(Also known as Baikonur Cosmodrome)",Kazakhstan
,101.42,1970-12-11,AFWTR,4793,1970-106A,NOAA 1,PAY,-,EA,LEO,ORB,US,114.83,Inactive,USA,"Air Force Western Test Range, California, USA",USA
,74.02,1970-12-12,PLMSC,4799,1970-108A,COSMOS 385,PAY,UNK,EA,LEO,ORB,CIS,104.58,Inactive,Russia/USSR,"Plesetsk Missile and Space Complex, Russia",Russia
,5.72,1971-01-26,AFETR,4881,1971-006A,INTELSAT 4-F2,PAY,-,EA,GSO,ORB,ITSO,1456.95,Inactive,INTELSAT,"Air Force Eastern Test Range, Florida, USA",USA
,2.49,1971-02-03,AFETR,4902,1971-009A,NATO 2B,PAY,-,EA,GSO,ORB,NATO,1436.11,Inactive,NATO,"Air Force Eastern Test Range, Florida, USA",USA
,65.82,1971-02-09,PLMSC,4922,1971-010A,COSMOS 394,PAY,UNK,EA,LEO,ORB,CIS,93.43,Inactive,Russia/USSR,"Plesetsk Missile and Space Complex, Russia",Russia
,29.67,1971-02-16,KSCUT,4952,1971-011A,TANSEI-1 (MS-T1),PAY,-,EA,LEO,ORB,JPN,105.99,Inactive,Japan,"Uchinoura Space Center(Fomerly Kagoshima Space Center—University of Tokyo, Japan)",Japan
,98.56,1971-02-17,AFWTR,4953,1971-012A,OPS 5268 (DMSP 5A F3),PAY,-,EA,LEO,ORB,US,99.88,Inactive,USA,"Air Force Western Test Range, California, USA",USA
,65.72,1971-02-25,TYMSC,4964,1971-015A,COSMOS 397,PAY,UNK,EA,LEO,ORB,CIS,112.96,Inactive,Russia/USSR,"Tyuratam Missile and Space Center, Kazakhstan(Also known as Baikonur Cosmodrome)",Kazakhstan
,65.83,1971-03-18,PLMSC,5050,1971-020A,COSMOS 400,PAY,UNK,EA,LEO,ORB,CIS,104.94,Inactive,Russia/USSR,"Plesetsk Missile and Space Complex, Russia",Russia
,,1971-03-21,AFWTR,5053,1971-021A,OPS 4788,PAY,UNK,EA,,ORB,US,,Inactive,USA,"Air Force Western Test Range, California, USA",USA
,88.16,1971-04-01,AFWTR,5104,1971-024A,ISIS 2,PAY,UNK,EA,LEO,ORB,CA,113.58,Inactive,Canada,"Air Force Western Test Range, California, USA",USA
,64.98,1971-04-01,TYMSC,5105,1971-025A,COSMOS 402,PAY,UNK,EA,LEO,ORB,CIS,104.87,Inactive,Russia/USSR,"Tyuratam Missile and Space Center, Kazakhstan(Also known as Baikonur Cosmodrome)",Kazakhstan
,74.04,1971-04-23,PLMSC,5174,1971-035A,COSMOS 407,PAY,UNK,EA,LEO,ORB,CIS,100.42,Inactive,Russia/USSR,"Plesetsk Missile and Space Complex, Russia",Russia
,74.0,1971-04-28,PLMSC,5180,1971-038A,COSMOS 409,PAY,UNK,EA,LEO,ORB,CIS,109.27,Inactive,Russia/USSR,"Plesetsk Missile and Space Complex, Russia",Russia
,1.14,1971-05-05,AFETR,5204,1971-039A,OPS 3811 (DSP 2),PAY,P,EA,GSO,ORB,US,1466.97,Active,USA,"Air Force Eastern Test Range, Florida, USA",USA
,74.02,1971-05-07,PLMSC,5210,1971-041A,COSMOS 411,PAY,UNK,EA,LEO,ORB,CIS,113.84,Inactive,Russia/USSR,"Plesetsk Missile and Space Complex, Russia",Russia
,74.02,1971-05-07,PLMSC,5211,1971-041B,COSMOS 412,PAY,UNK,EA,LEO,ORB,CIS,116.14,Inactive,Russia/USSR,"Plesetsk Missile and Space Complex, Russia",Russia
,74.01,1971-05-07,PLMSC,5212,1971-041C,COSMOS 413,PAY,UNK,EA,LEO,ORB,CIS,115.77,Inactive,Russia/USSR,"Plesetsk Missile and Space Complex, Russia",Russia
,74.01,1971-05-07,PLMSC,5213,1971-041D,COSMOS 414,PAY,UNK,EA,LEO,ORB,CIS,115.1,Inactive,Russia/USSR,"Plesetsk Missile and Space Complex, Russia",Russia
,74.02,1971-05-07,PLMSC,5214,1971-041E,COSMOS 415,PAY,UNK,EA,LEO,ORB,CIS,115.43,Inactive,Russia/USSR,"Plesetsk Missile and Space Complex, Russia",Russia
,74.02,1971-05-07,PLMSC,5215,1971-041F,COSMOS 416,PAY,UNK,EA,LEO,ORB,CIS,114.46,Inactive,Russia/USSR,"Plesetsk Missile and Space Complex, Russia",Russia
,74.02,1971-05-07,PLMSC,5216,1971-041G,COSMOS 417,PAY,UNK,EA,LEO,ORB,CIS,114.16,Inactive,Russia/USSR,"Plesetsk Missile and Space Complex, Russia",Russia
,74.02,1971-05-07,PLMSC,5217,1971-041H,COSMOS 418,PAY,UNK,EA,LEO,ORB,CIS,114.78,Inactive,Russia/USSR,"Plesetsk Missile and Space Complex, Russia",Russia
,74.02,1971-05-22,PLMSC,5238,1971-046A,COSMOS 422,PAY,UNK,EA,LEO,ORB,CIS,104.94,Inactive,Russia/USSR,"Plesetsk Missile and Space Complex, Russia",Russia
,87.63,1971-08-07,AFWTR,5397,1971-067B,OV1-21,PAY,UNK,EA,LEO,ORB,US,101.55,Inactive,USA,"Air Force Western Test Range, California, USA",USA
,87.62,1971-08-07,AFWTR,5398,1971-067E,RIGIDSPHERE 2 (LCS 4),PAY,+,EA,LEO,ORB,US,100.23,Active,USA,"Air Force Western Test Range, California, USA",USA
,50.14,1971-08-16,WLPIS,5435,1971-071A,EOLE 1 (CAS-A),PAY,UNK,EA,LEO,ORB,FR,98.71,Inactive,France,"Wallops Island, Virginia, USA",USA
,32.05,1971-09-28,KSCUT,5485,1971-080A,SHINSEI (MS-F2),PAY,-,EA,LEO,ORB,JPN,113.01,Inactive,Japan,"Uchinoura Space Center(Fomerly Kagoshima Space Center—University of Tokyo, Japan)",Japan
,74.03,1971-10-13,PLMSC,5547,1971-086A,COSMOS 444,PAY,UNK,EA,LEO,ORB,CIS,114.09,Inactive,Russia/USSR,"Plesetsk Missile and Space Complex, Russia",Russia
,74.03,1971-10-13,PLMSC,5548,1971-086B,COSMOS 445,PAY,UNK,EA,LEO,ORB,CIS,114.45,Inactive,Russia/USSR,"Plesetsk Missile and Space Complex, Russia",Russia
,74.03,1971-10-13,PLMSC,5549,1971-086C,COSMOS 446,PAY,UNK,EA,LEO,ORB,CIS,114.79,Inactive,Russia/USSR,"Plesetsk Missile and Space Complex, Russia",Russia
,74.03,1971-10-13,PLMSC,5550,1971-086D,COSMOS 447,PAY,UNK,EA,LEO,ORB,CIS,115.14,Inactive,Russia/USSR,"Plesetsk Missile and Space Complex, Russia",Russia
,74.03,1971-10-13,PLMSC,5551,1971-086E,COSMOS 448,PAY,UNK,EA,LEO,ORB,CIS,115.5,Inactive,Russia/USSR,"Plesetsk Missile and Space Complex, Russia",Russia
,74.03,1971-10-13,PLMSC,5552,1971-086F,COSMOS 449,PAY,UNK,EA,LEO,ORB,CIS,116.25,Inactive,Russia/USSR,"Plesetsk Missile and Space Complex, Russia",Russia
,74.03,1971-10-13,PLMSC,5553,1971-086G,COSMOS 450,PAY,UNK,EA,LEO,ORB,CIS,115.88,Inactive,Russia/USSR,"Plesetsk Missile and Space Complex, Russia",Russia
,74.03,1971-10-13,PLMSC,5554,1971-086H,COSMOS 451,PAY,UNK,EA,LEO,ORB,CIS,116.67,Inactive,Russia/USSR,"Plesetsk Missile and Space Complex, Russia",Russia
,99.04,1971-10-14,AFWTR,5557,1971-087A,OPS 4311 (DMSP 5B F1),PAY,-,EA,LEO,ORB,US,100.83,Inactive,USA,"Air Force Western Test Range, California, USA",USA
,92.71,1971-10-17,AFWTR,5560,1971-089A,ASTEX 1,PAY,UNK,EA,LEO,ORB,US,99.31,Inactive,USA,"Air Force Western Test Range, California, USA",USA
,82.04,1971-10-28,WOMRA,5580,1971-093A,PROSPERO (BLACK ARROW),PAY,UNK,EA,LEO,ORB,UK,102.89,Inactive,UK,"Woomera, Australia",Australia
,2.95,1971-11-03,AFETR,5587,1971-095A,OPS 9431 (DSCS 2-1),PAY,-,EA,GSO,ORB,US,1436.11,Inactive,USA,"Air Force Eastern Test Range, Florida, USA",USA
,2.92,1971-11-03,AFETR,5588,1971-095B,OPS 9432 (DSCS 2-2),PAY,-,EA,GSO,ORB,US,1434.3,Inactive,USA,"Air Force Eastern Test Range, Florida, USA",USA
,74.04,1971-11-20,PLMSC,5614,1971-099A,COSMOS 457,PAY,UNK,EA,LEO,ORB,CIS,109.41,Inactive,Russia/USSR,"Plesetsk Missile and Space Complex, Russia",Russia
,69.99,1971-12-14,AFWTR,5678,1971-110A,OPS 7898 (P/L 1),PAY,UNK,EA,LEO,ORB,US,104.8,Inactive,USA,"Air Force Western Test Range, California, USA",USA
,69.99,1971-12-14,AFWTR,5680,1971-110C,OPS 7898 (P/L 2),PAY,UNK,EA,LEO,ORB,US,104.75,Inactive,USA,"Air Force Western Test Range, California, USA",USA
,69.99,1971-12-14,AFWTR,5681,1971-110D,OPS 7898 (P/L 3),PAY,UNK,EA,LEO,ORB,US,104.76,Inactive,USA,"Air Force Western Test Range, California, USA",USA
,69.99,1971-12-14,AFWTR,5682,1971-110E,OPS 7898 (P/L 4),PAY,UNK,EA,LEO,ORB,US,104.76,Inactive,USA,"Air Force Western Test Range, California, USA",USA
,74.03,1971-12-15,PLMSC,5683,1971-111A,COSMOS 465,PAY,UNK,EA,LEO,ORB,CIS,104.78,Inactive,Russia/USSR,"Plesetsk Missile and Space Complex, Russia",Russia
,74.02,1971-12-17,PLMSC,5705,1971-114A,COSMOS 468,PAY,UNK,EA,LEO,ORB,CIS,100.25,Inactive,Russia/USSR,"Plesetsk Missile and Space Complex, Russia",Russia
,7.68,1971-12-20,AFETR,5709,1971-116A,INTELSAT 4-F3,PAY,-,EA,GSO,ORB,ITSO,1445.49,Inactive,INTELSAT,"Air Force Eastern Test Range, Florida, USA",USA
,64.49,1971-12-25,TYMSC,5721,1971-117A,COSMOS 469,PAY,UNK,EA,LEO,ORB,CIS,104.64,Inactive,Russia/USSR,"Tyuratam Missile and Space Center, Kazakhstan(Also known as Baikonur Cosmodrome)",Kazakhstan
,73.96,1971-12-27,PLMSC,5729,1971-119A,AUREOLE 1,PAY,UNK,EA,LEO,ORB,FR,103.42,Inactive,France,"Plesetsk Missile and Space Complex, Russia",Russia
,81.26,1971-12-29,PLMSC,5731,1971-120A,METEOR 1-10,PAY,UNK,EA,LEO,ORB,CIS,102.0,Inactive,Russia/USSR,"Plesetsk Missile and Space Complex, Russia",Russia
,7.99,1972-01-23,AFETR,5775,1972-003A,INTELSAT 4-F4,PAY,-,EA,GSO,ORB,ITSO,1442.51,Inactive,INTELSAT,"Air Force Eastern Test Range, Florida, USA",USA
,74.05,1972-02-25,PLMSC,5846,1972-009A,COSMOS 475,PAY,UNK,EA,LEO,ORB,CIS,104.62,Inactive,Russia/USSR,"Plesetsk Missile and Space Complex, Russia",Russia
,0.99,1972-03-01,AFETR,5851,1972-010A,OPS 1570 (DSP 3),PAY,UNK,EA,GSO,ORB,US,1443.26,Inactive,USA,"Air Force Eastern Test Range, Florida, USA",USA
,99.1,1972-03-24,AFWTR,5903,1972-018A,OPS 5058 (DMSP 5B F2),PAY,-,EA,LEO,ORB,US,101.04,Inactive,USA,"Air Force Western Test Range, California, USA",USA
,82.98,1972-03-25,PLMSC,5905,1972-019A,COSMOS 480,PAY,UNK,EA,LEO,ORB,CIS,109.1,Inactive,Russia/USSR,"Plesetsk Missile and Space Complex, Russia",Russia
,81.22,1972-03-30,PLMSC,5917,1972-022A,METEOR 1-11,PAY,UNK,EA,LEO,ORB,CIS,102.19,Inactive,Russia/USSR,"Plesetsk Missile and Space Complex, Russia",Russia
,74.02,1972-05-06,PLMSC,6019,1972-035A,COSMOS 489,PAY,UNK,EA,LEO,ORB,CIS,104.64,Inactive,Russia/USSR,"Plesetsk Missile and Space Complex, Russia",Russia
,7.04,1972-06-13,AFETR,6052,1972-041A,INTELSAT 4-F5,PAY,-,EA,GSO,ORB,ITSO,1438.25,Inactive,INTELSAT,"Air Force Eastern Test Range, Florida, USA",USA
,74.06,1972-06-23,PLMSC,6059,1972-043A,COSMOS 494,PAY,UNK,EA,LEO,ORB,CIS,100.26,Inactive,Russia/USSR,"Plesetsk Missile and Space Complex, Russia",Russia
,51.98,1972-03-31,TYMSC,6073,1972-023E,COSMOS 482 DESCENT CRAFT,PAY,UNK,EA,LEO,ORB,CIS,94.42,Inactive,Russia/USSR,"Tyuratam Missile and Space Center, Kazakhstan(Also known as Baikonur Cosmodrome)",Kazakhstan
,81.23,1972-06-30,PLMSC,6079,1972-049A,METEOR 1-12,PAY,UNK,EA,LEO,ORB,CIS,102.6,Inactive,Russia/USSR,"Plesetsk Missile and Space Complex, Russia",Russia
,74.03,1972-07-20,PLMSC,6117,1972-057A,COSMOS 504,PAY,UNK,EA,LEO,ORB,CIS,113.96,Inactive,Russia/USSR,"Plesetsk Missile and Space Complex, Russia",Russia
,74.03,1972-07-20,PLMSC,6118,1972-057B,COSMOS 505,PAY,UNK,EA,LEO,ORB,CIS,114.3,Inactive,Russia/USSR,"Plesetsk Missile and Space Complex, Russia",Russia
,74.03,1972-07-20,PLMSC,6119,1972-057C,COSMOS 506,PAY,UNK,EA,LEO,ORB,CIS,114.63,Inactive,Russia/USSR,"Plesetsk Missile and Space Complex, Russia",Russia
,74.03,1972-07-20,PLMSC,6120,1972-057D,COSMOS 507,PAY,UNK,EA,LEO,ORB,CIS,114.96,Inactive,Russia/USSR,"Plesetsk Missile and Space Complex, Russia",Russia
,74.03,1972-07-20,PLMSC,6121,1972-057E,COSMOS 508,PAY,UNK,EA,LEO,ORB,CIS,115.3,Inactive,Russia/USSR,"Plesetsk Missile and Space Complex, Russia",Russia
,74.03,1972-07-20,PLMSC,6122,1972-057F,COSMOS 509,PAY,UNK,EA,LEO,ORB,CIS,115.66,Inactive,Russia/USSR,"Plesetsk Missile and Space Complex, Russia",Russia
,74.03,1972-07-20,PLMSC,6123,1972-057G,COSMOS 510,PAY,UNK,EA,LEO,ORB,CIS,116.03,Inactive,Russia/USSR,"Plesetsk Missile and Space Complex, Russia",Russia
,74.03,1972-07-20,PLMSC,6124,1972-057H,COSMOS 511,PAY,UNK,EA,LEO,ORB,CIS,116.42,Inactive,Russia/USSR,"Plesetsk Missile and Space Complex, Russia",Russia
,99.37,1972-07-23,AFWTR,6126,1972-058A,LANDSAT 1 (ERTS 1),PAY,-,EA,LEO,ORB,US,103.02,Inactive,USA,"Air Force Western Test Range, California, USA",USA
,82.97,1972-08-16,PLMSC,6148,1972-062A,COSMOS 514,PAY,UNK,EA,LEO,ORB,CIS,104.2,Inactive,Russia/USSR,"Plesetsk Missile and Space Complex, Russia",Russia
,35.0,1972-08-21,AFETR,6153,1972-065A,OAO 3 (COPERNICUS),PAY,UNK,EA,LEO,ORB,US,98.67,Inactive,USA,"Air Force Eastern Test Range, Florida, USA",USA
,64.81,1972-08-21,TYMSC,6154,1972-066A,COSMOS 516,PAY,UNK,EA,LEO,ORB,CIS,104.52,Inactive,Russia/USSR,"Tyuratam Missile and Space Center, Kazakhstan(Also known as Baikonur Cosmodrome)",Kazakhstan
,89.99,1972-09-02,AFWTR,6173,1972-069A,TRIAD 1,PAY,UNK,EA,LEO,ORB,US,99.2,Inactive,USA,"Air Force Western Test Range, California, USA",USA
,71.84,1972-09-19,PLMSC,6192,1972-072A,COSMOS 520,PAY,UNK,EA,MEO,ORB,CIS,715.21,Inactive,Russia/USSR,"Plesetsk Missile and Space Complex, Russia",Russia
,40.64,1972-09-23,AFETR,6197,1972-073A,EXPLORER 47 (IMP-7),PAY,UNK,EA,HEO,ORB,US,17982.13,Inactive,USA,"Air Force Eastern Test Range, Florida, USA",USA
,65.83,1972-09-29,PLMSC,6206,1972-074A,COSMOS 521,PAY,UNK,EA,LEO,ORB,CIS,104.92,Inactive,Russia/USSR,"Plesetsk Missile and Space Complex, Russia",Russia
,98.58,1972-10-02,AFWTR,6217,1972-076B,OPS 8180 (STP RADSAT),PAY,UNK,EA,LEO,ORB,US,97.98,Inactive,USA,"Air Force Western Test Range, California, USA",USA
,102.02,1972-10-15,AFWTR,6235,1972-082A,NOAA 2 (ITOS-D),PAY,-,EA,LEO,ORB,US,114.91,Inactive,USA,"Air Force Western Test Range, California, USA",USA
,102.02,1972-10-15,AFWTR,6236,1972-082B,OSCAR 6 (AO-6),PAY,-,EA,LEO,ORB,US,114.91,Inactive,USA,"Air Force Western Test Range, California, USA",USA
,81.27,1972-10-26,PLMSC,6256,1972-085A,METEOR 1-13,PAY,UNK,EA,LEO,ORB,CIS,102.18,Inactive,Russia/USSR,"Plesetsk Missile and Space Complex, Russia",Russia
,74.03,1972-11-01,PLMSC,6262,1972-087A,COSMOS 528,PAY,UNK,EA,LEO,ORB,CIS,114.14,Inactive,Russia/USSR,"Plesetsk Missile and Space Complex, Russia",Russia
,74.04,1972-11-01,PLMSC,6264,1972-087B,COSMOS 529,PAY,UNK,EA,LEO,ORB,CIS,114.54,Inactive,Russia/USSR,"Plesetsk Missile and Space Complex, Russia",Russia
,74.04,1972-11-01,PLMSC,6265,1972-087C,COSMOS 530,PAY,UNK,EA,LEO,ORB,CIS,113.77,Inactive,Russia/USSR,"Plesetsk Missile and Space Complex, Russia",Russia
,74.04,1972-11-01,PLMSC,6266,1972-087D,COSMOS 531,PAY,UNK,EA,LEO,ORB,CIS,114.76,Inactive,Russia/USSR,"Plesetsk Missile and Space Complex, Russia",Russia
,74.04,1972-11-01,PLMSC,6267,1972-087E,COSMOS 532,PAY,UNK,EA,LEO,ORB,CIS,113.41,Inactive,Russia/USSR,"Plesetsk Missile and Space Complex, Russia",Russia
,74.03,1972-11-01,PLMSC,6268,1972-087F,COSMOS 533,PAY,UNK,EA,LEO,ORB,CIS,113.6,Inactive,Russia/USSR,"Plesetsk Missile and Space Complex, Russia",Russia
,74.04,1972-11-01,PLMSC,6269,1972-087G,COSMOS 534,PAY,UNK,EA,LEO,ORB,CIS,113.95,Inactive,Russia/USSR,"Plesetsk Missile and Space Complex, Russia",Russia
,74.03,1972-11-01,PLMSC,6270,1972-087H,COSMOS 535,PAY,UNK,EA,LEO,ORB,CIS,114.35,Inactive,Russia/USSR,"Plesetsk Missile and Space Complex, Russia",Russia
,98.48,1972-11-09,AFWTR,6275,1972-089A,OPS 7323 (DMSP 5B F3),PAY,-,EA,LEO,ORB,US,100.74,Inactive,USA,"Air Force Western Test Range, California, USA",USA
,7.48,1972-11-10,AFETR,6278,1972-090A,ANIK A1 (TELESAT 1),PAY,-,EA,GSO,ORB,CA,1457.11,Inactive,Canada,"Air Force Eastern Test Range, Florida, USA",USA
,99.85,1972-12-11,AFWTR,6305,1972-097A,NIMBUS 5,PAY,-,EA,LEO,ORB,US,107.13,Inactive,USA,"Air Force Western Test Range, California, USA",USA
,10.24,1972-12-20,AFETR,6317,1972-101A,OPS 9390,PAY,UNK,EA,GSO,ORB,US,1436.7,Inactive,USA,"Air Force Eastern Test Range, Florida, USA",USA
,74.02,1972-12-21,PLMSC,6319,1972-102A,COSMOS 539,PAY,UNK,EA,LEO,ORB,CIS,112.9,Inactive,Russia/USSR,"Plesetsk Missile and Space Complex, Russia",Russia
,74.08,1972-12-25,PLMSC,6323,1972-104A,COSMOS 540,PAY,UNK,EA,LEO,ORB,CIS,100.19,Inactive,Russia/USSR,"Plesetsk Missile and Space Complex, Russia",Russia
,50.63,1973-01-26,KYMSC,6350,1973-005A,COSMOS 546,PAY,UNK,EA,LEO,ORB,CIS,94.31,Inactive,Russia/USSR,"Kapustin Yar Missile and Space Complex, Russia",Russia
,1.7,1973-03-06,AFETR,6380,1973-013A,OPS 6063,PAY,UNK,EA,GSO,ORB,US,1436.16,Inactive,USA,"Air Force Eastern Test Range, Florida, USA",USA
,81.23,1973-03-20,PLMSC,6392,1973-015A,METEOR 1-14,PAY,UNK,EA,LEO,ORB,CIS,102.28,Inactive,Russia/USSR,"Plesetsk Missile and Space Complex, Russia",Russia
,8.17,1973-04-20,AFETR,6437,1973-023A,ANIK A2 (TELESAT 2),PAY,-,EA,GSO,ORB,CA,1442.88,Inactive,Canada,"Air Force Eastern Test Range, Florida, USA",USA
,81.19,1973-05-29,PLMSC,6659,1973-034A,METEOR 1-15,PAY,UNK,EA,LEO,ORB,CIS,102.1,Inactive,Russia/USSR,"Plesetsk Missile and Space Complex, Russia",Russia
,74.02,1973-06-08,PLMSC,6675,1973-037A,COSMOS 564,PAY,UNK,EA,LEO,ORB,CIS,114.6,Inactive,Russia/USSR,"Plesetsk Missile and Space Complex, Russia",Russia
,74.02,1973-06-08,PLMSC,6676,1973-037B,COSMOS 565,PAY,UNK,EA,LEO,ORB,CIS,115.3,Inactive,Russia/USSR,"Plesetsk Missile and Space Complex, Russia",Russia
,74.02,1973-06-08,PLMSC,6677,1973-037C,COSMOS 566,PAY,UNK,EA,LEO,ORB,CIS,115.04,Inactive,Russia/USSR,"Plesetsk Missile and Space Complex, Russia",Russia
,74.02,1973-06-08,PLMSC,6678,1973-037D,COSMOS 567,PAY,UNK,EA,LEO,ORB,CIS,114.82,Inactive,Russia/USSR,"Plesetsk Missile and Space Complex, Russia",Russia
,74.02,1973-06-08,PLMSC,6679,1973-037E,COSMOS 568,PAY,UNK,EA,LEO,ORB,CIS,114.38,Inactive,Russia/USSR,"Plesetsk Missile and Space Complex, Russia",Russia
,74.02,1973-06-08,PLMSC,6680,1973-037F,COSMOS 569,PAY,UNK,EA,LEO,ORB,CIS,114.18,Inactive,Russia/USSR,"Plesetsk Missile and Space Complex, Russia",Russia
,74.02,1973-06-08,PLMSC,6681,1973-037G,COSMOS 570,PAY,UNK,EA,LEO,ORB,CIS,113.97,Inactive,Russia/USSR,"Plesetsk Missile and Space Complex, Russia",Russia
,74.02,1973-06-08,PLMSC,6682,1973-037H,COSMOS 571,PAY,UNK,EA,LEO,ORB,CIS,113.75,Inactive,Russia/USSR,"Plesetsk Missile and Space Complex, Russia",Russia
,2.14,1973-06-12,AFETR,6691,1973-040A,OPS 6157 (DSP 4),PAY,UNK,EA,GSO,ORB,US,1442.47,Inactive,USA,"Air Force Eastern Test Range, Florida, USA",USA
,82.95,1973-06-20,PLMSC,6707,1973-042A,COSMOS 574,PAY,UNK,EA,LEO,ORB,CIS,104.93,Inactive,Russia/USSR,"Plesetsk Missile and Space Complex, Russia",Russia
,98.64,1973-08-17,AFWTR,6787,1973-054A,OPS 8364 (DMSP 5B F4),PAY,-,EA,LEO,ORB,US,100.47,Inactive,USA,"Air Force Western Test Range, California, USA",USA
,62.08,1973-08-21,AFWTR,6791,1973-056A,OPS 7724,PAY,UNK,EA,MEO,ORB,US,717.92,Inactive,USA,"Air Force Western Test Range, California, USA",USA
,8.47,1973-08-23,AFETR,6796,1973-058A,INTELSAT 4-F7,PAY,-,EA,GSO,ORB,ITSO,1452.45,Inactive,INTELSAT,"Air Force Eastern Test Range, Florida, USA",USA
,95.64,1972-10-10,AFWTR,6822,1972-079C,OPS 8314 (2),PAY,UNK,EA,LEO,ORB,US,114.69,Inactive,USA,"Air Force Western Test Range, California, USA",USA
,74.02,1973-09-08,PLMSC,6825,1973-064A,COSMOS 585,PAY,UNK,EA,LEO,ORB,CIS,113.54,Inactive,Russia/USSR,"Plesetsk Missile and Space Complex, Russia",Russia
,82.94,1973-09-14,PLMSC,6828,1973-065A,COSMOS 586,PAY,UNK,EA,LEO,ORB,CIS,104.7,Inactive,Russia/USSR,"Plesetsk Missile and Space Complex, Russia",Russia
,74.0,1973-10-02,PLMSC,6845,1973-069A,COSMOS 588,PAY,UNK,EA,LEO,ORB,CIS,115.33,Inactive,Russia/USSR,"Plesetsk Missile and Space Complex, Russia",Russia
,74.0,1973-10-02,PLMSC,6846,1973-069B,COSMOS 589,PAY,UNK,EA,LEO,ORB,CIS,114.9,Inactive,Russia/USSR,"Plesetsk Missile and Space Complex, Russia",Russia
,74.0,1973-10-02,PLMSC,6847,1973-069C,COSMOS 590,PAY,UNK,EA,LEO,ORB,CIS,115.1,Inactive,Russia/USSR,"Plesetsk Missile and Space Complex, Russia",Russia
,74.0,1973-10-02,PLMSC,6848,1973-069D,COSMOS 591,PAY,UNK,EA,LEO,ORB,CIS,114.13,Inactive,Russia/USSR,"Plesetsk Missile and Space Complex, Russia",Russia
,74.0,1973-10-02,PLMSC,6849,1973-069E,COSMOS 592,PAY,UNK,EA,LEO,ORB,CIS,113.93,Inactive,Russia/USSR,"Plesetsk Missile and Space Complex, Russia",Russia
,74.0,1973-10-02,PLMSC,6850,1973-069F,COSMOS 593,PAY,UNK,EA,LEO,ORB,CIS,114.31,Inactive,Russia/USSR,"Plesetsk Missile and Space Complex, Russia",Russia
,74.0,1973-10-02,PLMSC,6851,1973-069G,COSMOS 594,PAY,UNK,EA,LEO,ORB,CIS,114.5,Inactive,Russia/USSR,"Plesetsk Missile and Space Complex, Russia",Russia
,74.0,1973-10-02,PLMSC,6852,1973-069H,COSMOS 595,PAY,UNK,EA,LEO,ORB,CIS,114.7,Inactive,Russia/USSR,"Plesetsk Missile and Space Complex, Russia",Russia
,6.85,1973-10-26,AFETR,6893,1973-078A,EXPLORER 50 (IMP-8),PAY,-,EA,HEO,ORB,US,17265.72,Inactive,USA,"Air Force Eastern Test Range, Florida, USA",USA
,89.84,1973-10-30,AFWTR,6909,1973-081A,NNSS 20 (TRANSIT 20),PAY,UNK,EA,LEO,ORB,US,105.01,Inactive,USA,"Air Force Western Test Range, California, USA",USA
,72.3,1973-11-02,PLMSC,6916,1973-084A,COSMOS 606,PAY,UNK,EA,MEO,ORB,CIS,718.2,Inactive,Russia/USSR,"Plesetsk Missile and Space Complex, Russia",Russia
,102.29,1973-11-06,AFWTR,6920,1973-086A,NOAA 3,PAY,-,EA,LEO,ORB,US,116.09,Inactive,USA,"Air Force Western Test Range, California, USA",USA
,96.95,1973-11-10,AFWTR,6938,1973-088D,OPS 6630 (2),PAY,UNK,EA,LEO,ORB,US,114.54,Inactive,USA,"Air Force Western Test Range, California, USA",USA
